{"cameraMode":{"drawMode":0,"name":"Shaded","section":"Shading Mode"},"sceneLighting":true,"audioPlay":false,"sceneViewState":{"showFog":true,"showMaterialUpdate":true,"showSkybox":true,"showFlares":true,"showImageEffects":true,"showParticleSystems":true},"in2DMode":false,"pivot":{"x":-7.821410179138184,"y":0.2555863857269287,"z":-1.8100757598876954},"rotation":{"x":-0.04996474087238312,"y":0.8776494860649109,"z":-0.0938359946012497,"w":-0.46738874912261965},"size":9.300265312194825,"orthographic":false}